123900,197454,166045,126856,236269,239004,92777,203719,68233,151381,218167,91223,124593,232038,188611,117495,54643,167797,163904,241029,220627,6509,254311,216184,107401,45659,18787,118379,56660,53294,115372,98230,78173,121635,55907,80499,21567,84280,50874,67626,47124,77689,1992,55654,112739,111148,54292,92056,21743,42009
133359,164213,81406,187392,38951,26129,223021,118301,31605,107180,238410,205910,143431,128958,178153,76910,57137,43392,200752,123161,119914,124374,177872,225903,192763,141372,72587,121728,136942,185061,200963,89620,120359,128219,68044,35761,37002,48722,38690,20890,98592,116485,117339,351,243787,126667,163715,150618,113614,92494
177922,60667,145905,187126,199866,117033,186034,39094,173340,86525,9857,140879,151859,138661,210781,156996,231357,245731,145557,46517,1889,4407,227373,147210,209192,50875,144769,799,224827,62800,83789,149385,156394,92002,79355,115233,73883,121589,139655,212843,82447,120126,131036,7035,245501,245177,71442,143056,183996,51905
167944,127917,185474,88992,76717,8168,86953,228760,96699,76611,133400,75892,118476,46157,9114,69822,169035,235612,124779,532,143276,127561,4694,431,234009,208707,146980,150312,193736,123322,223252,97546,72953,129816,76220,65878,77450,59628,145665,147590,65722,91959,87737,68419,226430,34787,196100,137110,196254,113455
125789,249702,205941,140957,103769,121078,111559,115924,94291,74827,246343,2212,164492,166170,194305,218,66182,191667,223658,172764,1630,155845,152153,95541,71817,198552,159122,118065,133995,165951,142644,170585,154012,965,130415,198473,124680,235681,250502,226837,167941,830,87008,657,53737,85726,140735,178511,125964,153707
211395,159216,187234,197148,144012,19313,236338,243621,97172,122718,195499,143767,211713,145622,213261,180002,254219,220164,226795,210719,50156,95912,98582,63740,178697,142679,187756,125837,26702,106057,91397,153176,98744,145532,45379,167410,227000,82482,113668,71114,137182,141274,247976,134487,232360,136240,141063,62320,65448,129786
172073,231311,117131,140884,184521,165599,253026,131510,141227,188796,239871,161879,50371,68440,247994,251895,120611,50,128080,172547,159680,167446,233331,224587,249879,233828,53899,950,110724,43325,247034,154580,2409,189,204319,179793,249864,222110,147988,226781,141946,7382,104834,943,206392,83656,216888,149492,226866,123970
226182,187048,138709,227159,166396,164450,85831,114683,193093,175890,233056,68514,176543,123427,113765,150875,200361,130,127966,111308,249091,235312,205545,62917,147499,16770,212157,128239,247872,238248,137536,29578,84319,88975,223256,170536,86378,11266,146073,153870,145655,19190,124449,108365,193117,85856,135198,127864,186390,212120
72154,106237,213793,81854,241099,140773,91193,108286,131585,176447,23104,70797,79137,63722,130917,148686,101914,122998,9208,54334,210027,247057,180202,43708,173910,64070,124085,162535,74594,697,207960,13076,226627,94455,248740,204519,65986,82946,226227,167979,128518,111274,204106,79268,158750,107638,241505,245301,241577,163435
137045,116843,249744,775,114543,190601,123678,191338,222129,127396,143778,236332,193837,246512,69497,64925,242678,244659,10226,7480,17830,738,116795,72408,180111,91804,251554,216121,141984,188004,22129,52645,185364,142327,52832,95181,178613,72940,165283,170625,58728,42705,181062,122495,144215,248905,170202,145313,199673,155415
230136,41162,247924,92,209305,61605,91659,175897,148424,194781,201045,230320,179149,34979,183518,48826,204629,69229,110242,105954,98598,35488,202174,58029,244633,211579,83033,124212,135597,129243,209087,188692,130870,981,234294,149875,145300,194410,92171,222639,250917,110298,197775,151391,217227,135575,104090,109240,152254,187973
90434,84703,89135,183857,104254,129766,64534,137786,64552,242238,249665,165349,229171,11846,160176,1162,116639,169748,209944,151557,207219,218918,249193,243348,77027,26816,201003,109,29086,46468,87566,120795,159985,94218,95198,42523,182394,236062,113904,209414,225913,196400,88849,148497,200992,161631,186357,111409,160039,137847
256229,122314,20270,245514,148541,137505,101527,211849,72592,223681,55364,94239,212183,197363,249530,85352,8852,84150,136538,58773,56791,126891,227159,36003,241614,64265,167374,206695,162361,147880,83973,180128,236157,184650,123685,155517,89584,32050,229825,139151,120595,95617,129481,169624,238042,108985,70023,3519,162683,190802
53909,96542,88260,73649,43918,85925,233424,53671,120533,139314,98558,207077,167271,211313,131850,211261,24310,124182,129497,32831,133451,139149,250753,210209,149759,165030,133206,58733,23833,7066,150210,152123,242448,183736,166999,161580,44829,129908,244845,88068,116866,128548,177167,181243,133459,36474,111454,151983,221213,229527
245915,165179,155617,127009,94453,8004,146110,215073,82982,90681,126616,185663,157844,156028,242927,231078,94631,60126,64159,132058,8504,74062,121704,131447,85212,38486,236343,227442,126658,232752,113539,161812,202421,110342,128900,174149,236471,206620,101846,172286,170732,55216,125539,132000,184528,149388,146061,98242,130453,35567
157008,161719,218965,163541,184526,149503,901,8179,248577,12563,118360,209044,49890,60211,239337,4635,218068,105,70218,57172,129510,52032,146049,206858,71400,41787,55018,59553,208089,48867,51888,57611,175818,121091,201149,12211,84291,59483,178725,193866,168104,215310,108204,50400,186131,152399,186676,58351,242061,18702
234780,196467,158099,90240,161800,125605,167701,187345,190536,65633,198399,239741,124433,79638,161230,151395,183969,55477,116536,122798,204277,32895,89122,98676,104462,74183,207285,134095,242771,19041,197701,104459,149500,142035,165231,203830,63555,177221,151734,155192,75855,33695,203387,53025,124331,161444,163435,143548,202539,210663
7493,8125,238960,104436,169486,235386,157838,170066,247933,124246,124319,68771,47181,57153,83199,242639,176841,30019,201186,21811,179546,120842,36225,199824,80312,58082,111532,157106,201887,231633,247050,129450,131752,45804,211522,33639,80375,89125,8118,43001,16129,3173,191296,66285,206346,193381,194710,5732,202198,34000
218012,19177,80886,81609,99561,73377,179127,206727,158002,62013,109286,227187,73693,5526,186131,203115,228959,172149,145914,101370,34441,189485,249695,249746,47713,102367,136818,164943,87881,105551,85791,119,136275,107026,630,6985,46542,124454,149982,329,229099,46733,112823,28317,43774,40668,73791,33374,179760,183193
183886,240492,248727,81876,9909,262,59139,41734,250974,160923,69051,18643,128109,8034,126564,134635,226619,85734,46410,110351,154383,172360,11912,52940,126327,8709,154458,57063,251093,211633,95172,171588,179272,161324,211592,184697,191502,55703,995,1098,75635,184011,202968,70306,48233,19390,142609,97481,233322,183257
142021,52038,178116,112792,195748,144185,40388,80,228775,26668,109923,66938,199756,170474,70817,65717,115297,89483,111973,38999,241048,190543,200398,194115,219435,11192,105660,90152,160251,11698,228431,236197,107932,121176,37695,252065,241647,143522,208673,228820,119750,11834,223956,154510,200995,196911,107064,14378,51403,837
94609,89894,235622,199346,142251,167328,116845,61119,206648,159352,138697,69854,184578,146440,67415,48307,84408,125725,121709,143307,221028,209239,221263,142469,198506,185360,140927,107261,162950,159671,241605,139832,74614,34959,239023,106094,217067,162846,223272,235004,203542,144137,26903,51061,33442,69981,226997,180150,218514,219640
1390,15001,72286,142456,157199,203430,117817,108847,63821,180464,191124,187507,206833,84477,142316,39170,85054,196468,89016,68147,122845,176373,27903,93719,194233,164110,96318,196560,67423,69973,150823,99863,155126,110814,155297,183967,157195,98388,24053,9024,48221,15405,247312,159299,95054,10247,201568,10297,226901,78008
87689,162393,226474,226805,62085,158715,199818,11803,52959,54221,203337,193757,140127,9992,210637,132825,182093,102402,130488,152026,87756,36283,83325,40057,203881,178974,228054,69596,148831,38918,221225,249236,243189,184338,227972,9795,77740,164549,83527,1843,146274,65163,67218,96592,230589,128576,191732,192607,27024,80129
154013,8122,222762,199499,172490,4045,148119,186278,194999,25223,165118,25666,154012,90771,183803,201168,176752,153614,170968,160195,17821,66331,148082,16484,232832,243888,229013,123744,134647,119876,219715,79829,226560,199771,122131,69215,158186,107624,170615,49499,119718,163876,88818,143784,147817,137169,213713,208566,96908,206050
229239,182671,137966,80249,78835,209807,213993,222708,183277,50939,49669,515,186176,230561,167460,160309,227275,71403,107039,79259,186922,103236,46747,45416,206322,210404,253486,248165,48313,30403,189089,228607,220711,91225,239925,230219,167952,195540,140153,175319,21461,30719,63223,165733,191029,148075,249226,60168,218314,232277
166968,71685,122049,175901,193358,51289,28336,59131,153772,139454,55708,101132,11995,60,170381,9817,120353,108074,243752,27032,217808,204188,72881,103064,22953,239692,107755,53618,248345,172883,142844,160265,235869,175653,205714,210242,154342,70603,67377,204671,208242,216065,141176,126671,120919,194350,183464,70574,50104,47943
75546,59644,76471,84022,33272,113928,115807,152412,162380,178169,36831,25783,185386,157358,58334,2453,11943,17119,172095,68745,85103,46002,35525,5569,140212,60991,176757,110008,241958,42119,134305,62157,57739,6700,227033,162430,159464,129548,187565,37250,185945,200669,148594,33923,75045,166274,157906,70841,147249,78499
78389,59595,249131,242635,171331,76916,69587,27829,137128,40698,21417,37745,133834,64733,181797,91824,114849,183980,69500,172488,90292,5887,209896,244013,142400,114787,60446,372,211003,175954,191880,153841,218449,282,120059,189444,241417,181545,198734,141389,79470,12136,39128,146265,223285,249871,191247,76945,57074,149606
30906,35797,88366,47943,175840,85860,166060,174469,184628,92755,7363,68485,26110,17978,168193,224263,158101,87975,203474,34575,28006,128112,128769,45544,90144,12229,7454,1405,140698,131800,152262,86507,193825,67151,491,385,205761,199638,114137,74273,211764,36676,9258,10535,184541,136794,203793,138673,207573,150016
156235,211163,245218,173546,70956,246486,176921,9948,229786,35933,9023,122851,36137,58446,137350,210080,32912,34525,45941,136363,189927,130763,145555,178666,105453,112742,137129,253130,121507,95635,59044,40004,35684,142848,158863,29927,68288,69161,99759,104962,103221,216920,79737,249612,151904,21730,183950,49620,188242,77392
71197,70459,196561,194498,106153,115715,206066,114897,13818,11280,93758,99891,39691,153722,117721,62280,252062,40559,75455,27767,68642,71663,197519,10845,70768,158094,208178,156430,91084,10696,234548,103126,10316,63932,165213,47873,199008,70516,198977,4981,203926,59264,55772,26811,241023,232890,14637,11667,132558,72457
49178,92540,79223,104576,172282,87379,79891,90758,144023,72333,187200,84826,184771,1168,215041,180130,90847,1607,170620,68134,140190,229538,181698,141553,223340,87597,235806,209255,50756,108024,201483,109537,165922,17619,135318,95309,241357,87266,242394,253140,125636,101653,11880,28128,70206,104450,249276,188900,107373,98781
155314,52313,169826,32740,119974,173955,248768,6381,115829,116007,84293,223779,205671,131567,68308,60940,240063,146947,240715,220561,155209,161544,117725,166515,134203,90174,71943,31654,53253,12007,177160,208515,213691,167143,241097,142241,257854,6741,253487,245891,202994,137122,250225,251,201431,84764,84348,110553,93922,192790
211262,77537,83804,85731,135847,191034,53103,146859,103604,83857,223078,173688,74898,34716,107700,193035,241657,61436,246793,35628,247388,215898,4606,47894,238512,120943,106981,8594,219208,145047,206642,133380,154561,121279,229280,195055,116833,17298,84858,111119,131829,147483,129204,12642,62458,3785,169508,168188,205586,121733
237989,249619,51260,1616,245370,126028,170174,841,164238,205652,169258,36975,89891,1758,162329,176251,189131,8288,205666,211616,207767,251751,7029,133296,245177,2563,206330,168541,46830,74322,104977,120381,153651,151062,117084,36939,230214,45882,197712,162749,19486,36911,215696,87073,119904,83342,249550,11930,74501,140213
84398,82641,126384,35728,195973,124562,186565,10209,144529,91172,210548,51016,197347,178088,22102,35048,55573,21940,139158,42043,245634,174735,208390,214731,29226,67252,63716,194903,146329,1101,202837,33034,55879,159933,194346,84012,55527,120037,78366,22097,130840,106574,236473,72079,88877,185965,119812,120369,69072,155352
235917,124243,80121,149830,236104,24286,207500,204770,152608,148548,141196,164,129168,136165,69134,10518,8031,71895,170365,17721,224948,194449,123858,117699,194839,225063,10318,74271,216438,56719,103223,197462,208310,1102,122439,12684,80386,17036,188678,81697,191410,125804,202262,125285,36978,27845,221422,143914,77082,90857
54028,21694,184451,120133,157159,44051,206848,50200,72922,146276,206902,149351,121507,158001,161540,196522,67257,79199,67276,73694,134679,86107,242545,57312,19896,58805,124885,19244,140253,758,76420,1963,106151,190977,126610,177265,162234,9152,161457,164857,27991,31450,199530,64793,230149,176544,203030,156616,29351,175415
44882,39040,50707,175,22016,16964,78647,61853,53086,194301,166092,169917,176235,8595,183725,23310,155373,230276,237975,139685,93466,59283,11202,10128,161851,157357,56444,3057,167926,153636,67130,53752,68612,159897,160449,50811,121542,147591,88765,89930,223667,213083,156803,8929,232384,599,108624,175914,140524,90754
44637,232628,249421,220227,49029,104048,141356,164944,164966,50908,223235,192515,247200,158506,91965,85243,216005,88147,110613,131290,239325,28191,55591,41676,233184,72394,240549,220606,115104,92129,228373,112934,185957,183695,183750,12908,141760,227903,101007,53029,184460,168497,97581,72295,76914,178763,59741,1205,247991,69422
248624,193614,161825,80933,101961,226217,120038,111079,183618,176299,239259,67459,226608,41084,50908,69037,23173,25827,156614,176505,213488,177998,206562,153906,135770,110545,235280,192550,245733,22936,13126,2885,79014,47028,34170,28202,181304,226486,147972,259,203449,43246,173996,70789,74914,18287,69977,71348,25058,12297
114988,25066,206795,161217,155729,111330,116538,152628,242996,10078,210276,137191,116465,247556,92712,98777,9440,21359,30551,9767,116453,16811,5433,87327,55214,84678,187100,165743,128328,17981,49759,53763,235103,168253,32044,37389,43378,26762,61875,191313,239561,246128,125151,211504,181422,67016,3736,8290,218887,157980
119800,70894,137461,96140,133011,205916,155170,204612,236324,185916,167497,195038,216789,65236,228772,52201,246537,207875,244854,151216,147570,146794,222689,73028,34232,8424,203888,216173,138077,630,249362,248042,1657,487,25004,62995,140133,179479,64694,787,141016,175926,152173,158429,108414,179192,10434,53550,152020,31132
17869,72781,176732,167996,94772,53106,43522,73397,128562,16201,223859,77882,154295,137232,42890,237792,248264,159093,27860,7984,234180,122520,249832,4989,178084,115120,250771,158894,158570,125475,116773,55951,21992,690,111492,138119,122268,103673,255009,220971,229990,70381,234979,21091,208083,168286,146872,220048,240083,67070
99856,13623,235846,75283,125266,9794,183288,173962,194438,121052,206051,228699,70580,218449,198563,127148,84076,184774,137282,51844,226231,133595,240390,13166,231754,198458,186842,36943,137070,27448,54974,526,180508,144981,193156,203589,185790,511,19863,606,251225,180881,165357,50850,220978,119220,158859,3358,13353,195690
119118,161560,99348,104560,169129,137152,182539,220061,198398,185246,251892,183349,135807,85939,197468,110310,113523,56127,190997,247065,233737,206386,163220,105,129507,113493,242652,107952,196798,111707,117686,120920,104512,1256,246247,199636,196076,230861,69194,75351,83153,96815,186038,249834,68603,48497,62343,221263,129129,226226
54467,106665,180430,142000,221348,173930,103303,228025,196891,27795,166162,199783,146202,115954,198909,17913,41094,12617,71539,152432,50551,122798,130619,25985,40708,12530,76666,75269,245167,108702,207011,6714,113698,145771,247574,226022,68068,76932,243698,60370,48842,222478,43421,39112,220980,66124,143037,133928,142356,170325
54088,108713,138611,204658,184216,103412,15612,21901,216237,39085,88259,51277,227573,33668,118245,145895,199472,229862,241063,9555,70596,177834,144367,76675,232769,111059,175302,1346,93756,47443,176936,106317,249258,238638,210031,211227,210031,126927,152274,121966,85174,101616,254084,209365,74111,89955,209750,916,48176,36144
61032,96134,223345,128491,98295,1403,91430,120145,243114,241474,229662,179664,228538,12508,227002,158195,119357,193678,143171,165835,183828,207342,155673,134718,248949,231674,211683,226221,216732,220858,48726,67079,125086,84657,230081,242306,24040,2635,11459,19435,238779,247664,176696,151533,139207,110384,165423,70282,192178,146525
107790,26246,101512,109313,232461,136370,239564,99116,120071,238764,204433,174863,129086,8516,95408,90375,146106,209255,233166,171784,199565,186444,109192,82139,239795,21483,71534,81932,236009,250183,213417,175871,241048,46429,68098,27638,1625,1966,147612,1416,167683,93124,84466,252053,219669,108468,66913,53617,209230,160466
