229243,183773,96667,193816,131355,225049,210642,227547,144807,216301,191426,153564,106598,228006,199878,175858,106132,94140,155006,224479,107939,184907,220512,152223,26131,57192,52382,98638,78755,44260,70995,96532,69160,49185,91414,9772,18849,72244,59167,32743,95020,1861,97425,17423,57413,7267,45791,78663,49242,80847
116332,169459,135357,30909,165101,189809,128451,185668,182548,179823,47472,93444,219512,135987,219254,144436,141222,46770,145952,229879,62609,42924,176944,108206,19245,57937,115014,155159,201825,131260,154447,146397,124930,107809,121064,212146,190183,119595,158446,186680,22910,18037,137305,164211,107831,216749,98364,51950,188055,228493
205865,121210,200777,27349,148661,41037,82298,45239,77758,71842,149567,169250,157566,139452,216332,130948,162547,200875,146525,155393,95265,22062,154417,224311,186012,143602,107944,60655,88426,34018,223453,37549,212770,232255,152093,186916,148992,45420,196667,85503,196843,139173,15284,5906,132641,188467,42493,96044,111783,91780
179332,164727,210179,199013,205373,101425,190642,131527,187560,197574,147634,147993,218123,225226,214727,198174,186838,82523,215970,159850,192572,195940,198722,154778,58391,147900,227705,43539,113063,105166,204633,110221,144143,141372,186933,186784,192836,151130,215091,187068,151793,146686,181830,114286,231735,138773,219796,159597,218883,109648
217252,84556,148194,62865,219707,158880,130731,124520,92279,66270,170925,221169,104454,158948,223439,99051,179623,185326,224590,197092,226383,144992,187774,49509,139848,108228,180967,174226,163471,147289,224048,121670,216180,173920,220926,170970,182739,75635,154864,153242,189473,110467,106061,101507,106563,41913,182557,102229,212998,187635
204840,71268,181805,216392,52037,200898,60920,67401,183490,162574,205727,129792,157913,126528,99278,91581,194206,188214,222303,204877,121952,183038,173830,115824,218448,147672,175717,143067,223248,183589,188599,198676,207631,217140,105814,98529,133077,124493,213735,215057,190388,135120,214094,67463,215067,168340,194464,80129,101750,69735
165787,166817,150816,186221,186786,142204,86866,39130,206515,159092,87437,72868,233985,165144,168927,189901,217386,197299,194895,186967,164762,164835,225164,144219,187784,127932,95482,29934,124120,222880,157688,179278,190650,211303,115033,188396,80332,132693,211154,201614,218539,95656,219811,191383,90119,174658,184279,133293,178002,55816
109049,50554,177363,172194,165392,168207,170948,176103,124642,164955,110126,101235,158601,176464,176322,24336,109380,182965,208499,28341,163692,93556,195005,181333,205293,199665,212503,168932,176532,67577,146689,124565,198953,81278,213652,119302,141209,54991,185369,204169,150638,91063,175851,193586,82569,95195,121201,111596,195537,46197
165660,169495,194598,225996,174142,79076,196767,91341,142733,148517,138569,164922,189532,205632,81575,135056,117900,165673,157101,158606,182474,86289,191769,62063,87207,102083,146801,132344,186948,28258,140963,91664,166999,61313,181018,170922,215578,195305,179262,147720,215179,160389,170428,190007,70197,138257,142200,133751,152719,195641
83048,18067,216695,199021,189215,168121,216898,144382,141896,144770,215720,101952,105888,103559,172299,68841,163174,103893,214268,184698,163886,20458,43248,68199,218494,181051,176497,157679,205636,203222,136892,133088,171696,23342,90147,57393,223329,59202,144335,158799,87176,154554,185441,194148,163271,174319,92447,169488,187930,88360
188128,93467,216784,103363,141240,149395,214063,121193,134138,189000,214398,89907,152345,151514,226883,200344,97517,141635,113647,181376,163609,84398,161455,198044,182285,90508,207972,171524,133806,97918,83631,100829,141341,206600,173581,131665,212722,32998,130871,122847,163338,191365,183025,146828,197004,187914,134219,105655,227211,58400
42265,22292,218235,155544,217317,104319,132195,129722,112614,114367,119345,118003,186441,92468,220346,108109,158233,103884,182793,130125,63783,156055,173773,178711,170564,67769,129066,135768,186336,218665,124964,106836,139186,148042,151761,127924,191670,89068,116841,62965,211273,173495,156564,125744,136471,60249,208326,179856,64549,154581
97179,90324,185282,189006,166222,162056,212051,148403,231716,148074,143991,63556,112758,86163,221528,100747,183858,135046,210032,206259,224970,196953,195834,225765,186507,177619,156478,12718,71043,181843,159639,127662,211585,59710,220715,144899,113942,158716,143714,163797,58629,134765,162924,137088,200697,86855,202105,146485,152706,186232
209202,85490,148650,105752,188918,179371,88591,95873,189604,136343,135176,218607,199778,213328,206238,217439,193011,135608,168637,170926,195591,210874,67339,30338,200986,142375,119077,31214,153588,31032,152020,186099,217702,226152,208010,17452,192167,196471,198891,193118,219019,187656,181349,28534,199185,102396,150286,53180,174539,144250
79302,39904,194806,139679,140516,108794,226132,130658,136464,148371,147082,141045,158233,80692,191784,116460,94609,102186,215701,214052,143624,118370,197211,92553,199932,217066,187539,34751,168142,75602,56903,95088,228046,197671,148340,61185,214412,211184,219435,101032,220934,113802,161093,199821,204332,102332,159675,160265,145179,19404
191728,151055,193927,163321,204050,114538,225006,189381,197965,103044,178172,151797,225941,156086,195535,224581,183236,202487,17642,75748,175222,114192,218361,189942,141732,126238,188686,79614,124444,214371,156862,180408,99205,112148,162472,27008,118618,146315,173709,146262,161578,140507,207880,146859,208012,126552,218517,200214,188017,142411
104311,20089,228105,61595,227541,157759,186330,131551,213352,193491,191228,57088,183695,122123,208831,165994,178830,157207,176154,25575,190008,61944,111763,87027,121353,159632,211971,205204,60603,91629,220106,126979,52604,136591,145320,169168,116075,109111,92524,110446,100303,156008,160455,190033,155042,178777,127623,125103,192163,64388
136983,192146,186623,187012,138208,191470,53155,84401,170040,36940,94447,73323,184559,213184,174220,41311,153478,190388,181328,102409,198823,146945,226315,78262,230046,146990,212860,138810,66169,15314,201643,205218,221237,115002,194350,213043,106497,130859,181719,153908,162477,98343,224980,115418,51713,114148,212485,180648,222724,120883
214307,172913,216028,210902,210298,157055,200358,200812,158752,222611,220823,54953,205053,130802,186309,149342,189626,32322,214862,147392,189474,67781,195635,227135,135624,226176,135207,68718,205703,114424,61673,164813,207862,146477,78640,162493,209220,206005,203317,170303,196022,119696,110757,206791,81018,125064,137054,158841,223730,17434
163845,74530,182838,146651,47792,18382,205070,103440,209900,79532,111571,167098,191152,82833,219326,215281,183824,158425,183355,189461,116992,76079,194456,106161,154604,162410,229422,165062,207867,183232,97223,71726,205638,191663,64194,130655,176960,82278,67537,99809,170485,172485,204719,172013,110717,80402,165560,133452,212146,186201
57563,78287,171905,43454,106492,140976,220257,170722,177543,147182,86008,105389,189166,20903,69537,131205,194979,61821,95350,22032,173339,59230,106544,71004,196331,88070,171916,181162,198113,227896,178369,163820,214538,173148,223643,175531,224556,124626,219450,120966,183967,181740,191513,137309,151103,67162,198709,145054,177419,181678
147018,182266,198517,44406,226268,103340,134706,118573,226587,107258,149617,85536,144757,135029,53547,103348,145310,206935,129895,39152,39901,22358,136549,166702,161435,188092,205775,136584,198324,178615,14537,57858,215749,152604,88716,182947,186949,118387,139213,149991,183173,25602,223608,183813,30021,152750,111062,103613,209917,175223
232658,178025,165753,55015,205439,208557,126616,204114,226717,57264,85364,122778,227604,227588,230181,161132,186012,151598,191313,71573,201682,92855,207868,171186,72634,84974,196485,134200,210840,161548,149980,128930,226444,226832,95001,23196,193705,171066,167995,54048,126933,105573,209251,161364,202274,92000,23063,54716,224746,217823
221233,106039,215108,225079,106287,110674,124246,136087,154983,200663,177837,192650,69806,55285,61598,106473,127110,26468,204768,71562,174511,33767,229922,47833,225100,26303,185882,29844,73122,8135,183781,153947,99684,53503,110675,113751,234516,220265,115765,102616,221520,121251,83145,164888,164740,126619,73314,127047,119382,72701
171367,41063,199484,98603,119974,167708,135570,147446,40900,53825,170336,119783,145979,163617,227040,104689,119600,102223,225565,80982,46092,228648,189456,225941,66992,191677,230081,223693,161796,59484,82625,117331,186148,193599,227487,164674,224622,54692,113466,155985,80110,88029,226446,105303,177680,63270,142848,83084,229279,72675
138411,213334,194422,49871,163717,170135,107790,112202,224480,111861,196752,104730,170157,55355,26598,27045,123955,30886,195127,61530,191344,113587,91334,197625,121445,194330,64401,46559,150263,57255,191289,177783,14859,71201,169971,190881,110882,104653,225228,141476,228482,88095,227920,142408,232822,157106,111618,150026,96614,136053
169586,166611,184845,144473,227653,193634,200839,190131,216649,89734,102704,166304,61510,52839,82296,100735,101154,110333,164993,131176,225432,43814,225779,62401,219838,198808,230334,138970,147003,202953,222741,189752,197996,35837,190805,150533,176650,158732,214385,159915,226058,189562,223154,108433,198695,170693,168156,58999,220095,226153
167337,51643,140244,154023,176124,178209,207944,140395,127127,163403,90834,121004,197661,47289,172208,131254,193075,161894,42796,21037,51323,91843,163948,156354,156012,98936,200412,137238,188856,41571,156998,174049,40719,25169,169079,47197,165182,13265,63401,59077,223228,162061,227595,109015,203902,119438,128841,37585,227632,85904
38963,115299,224517,63143,187638,116833,75115,57351,162859,15311,225866,196770,38905,59237,190573,163290,218561,224598,225237,197892,228378,191826,224420,184455,178241,153337,161104,151639,190309,172394,191136,100940,167738,139534,160437,174229,164635,127261,139843,132057,125338,53579,229146,221125,222419,126699,204276,166763,12137,173711
133955,25959,66038,66716,110415,140746,144796,152563,155050,147854,149764,42614,200848,64861,56722,76645,187837,162714,63381,110702,213772,186248,169249,163824,174337,21004,222065,165022,183013,167930,130254,177401,125081,102948,164155,59692,208130,136852,226518,36659,188867,91133,157300,129549,174707,219448,223036,108193,137062,55945
191669,195399,153244,112052,191909,46849,225691,120917,185140,158749,77115,207836,163425,186979,185156,83146,156722,114801,129240,81308,126803,36936,171486,173708,113369,121788,60970,69433,68097,158824,107686,208985,50776,54739,190397,137137,228299,42758,167127,63045,215387,127031,104777,170277,135326,50741,191963,214733,104868,84182
210557,158440,59960,53165,224935,58081,187948,167460,112146,103447,119753,193388,224461,158729,213365,84498,203357,62018,70863,137889,230276,133857,226456,196001,201724,26095,195127,129634,191322,171924,223704,209199,213052,99829,153185,120573,194097,160621,216476,150998,186656,179302,157629,80146,134339,27026,72456,58368,208766,49763
70796,109205,225863,165261,222195,96556,231423,220288,223617,161910,100535,217222,199355,127911,174608,189029,204241,37103,199034,147292,217748,208413,88131,108830,170836,52915,131830,173211,213665,54661,180099,56197,198585,207369,64173,57015,174884,212071,142091,56994,205277,176499,46672,62247,178048,89081,172717,205157,224793,123621
173239,57980,186024,204470,57358,15282,165813,150271,75370,128322,200353,209839,109929,29979,27148,65694,191806,76135,127428,100446,205105,186978,227476,221118,205169,112258,198841,53793,198845,62200,119318,86334,222761,88187,88032,219590,192814,96660,96675,55674,85569,223670,212869,118658,219963,169207,223795,60528,222504,157081
177121,155296,118741,81323,163228,182618,194175,188231,173101,62684,181641,127758,220232,186571,92640,58053,186014,211140,183856,105695,218060,188830,196384,102520,164068,119458,205198,128014,192825,165966,126498,124133,133693,100773,154867,70487,111252,178628,39868,63630,223033,132298,154698,196624,198084,164528,205290,41706,213219,209918
51074,42953,165254,197705,95647,174520,139302,219505,205429,164720,177554,39525,120436,133060,120656,122222,221979,130067,207944,96958,120435,33530,150291,156921,75411,106087,79569,60418,228236,196017,182590,167194,191746,172619,105498,123641,104993,72693,143232,31295,197921,129002,201528,228957,186782,216730,227621,155647,228925,225497
193554,106895,185936,4529,92766,125827,197778,228276,147229,162125,78510,93005,128615,164900,174484,157902,84009,117622,126519,143484,227518,225134,105957,26072,156170,52371,211177,221557,193447,77942,141057,127882,189387,211285,67906,32731,134990,146745,225130,223888,112253,119585,164434,12355,224433,224319,195369,21174,159680,19957
157206,151459,204646,73334,221881,221686,226529,213500,136483,40361,120511,116305,178488,34603,218356,208116,227698,27059,178484,51094,174220,126805,191640,164188,127449,39985,163677,106318,203897,213166,206468,87180,227244,50605,173848,170254,161481,165708,162483,130225,222676,196613,180831,178994,191519,221331,68989,148666,31025,47924
181454,201390,167940,199938,86754,135254,114223,26492,227892,130819,169223,206046,174078,178870,110345,84398,164420,28255,120983,111768,222678,176599,77574,54635,151600,175256,200849,176613,209184,212219,194315,180619,132255,102326,159534,177555,190819,179571,85716,103166,86304,112170,181737,122032,222844,127545,149638,178133,229220,193801
158947,217587,37528,53960,110352,66981,205491,165106,224411,40482,178787,178610,175869,91485,85968,158130,186112,158878,225968,208714,141896,98018,182568,170102,161526,102737,130190,170655,176652,175116,219048,204169,194999,90402,196367,183861,230056,173383,193091,117878,174375,61013,202057,129647,182226,177552,70648,83946,204114,166652
226510,159737,168419,111958,41831,53300,146979,165709,207248,193737,147396,128725,202354,57369,124136,201872,108770,142966,29461,170656,201859,203000,181681,183917,199079,57959,86601,114205,148953,20142,228297,208309,167431,119754,153370,159064,204972,161774,177576,145158,109019,127164,32164,32754,204248,194424,169491,181759,72552,85396
179008,192079,173736,135564,199662,226032,199432,215989,230154,203955,158532,159114,117131,103436,218644,88654,218486,212521,95165,165010,180475,193973,67460,114002,156987,117894,200472,220124,227161,181445,186713,160552,214681,88437,186535,124658,220565,180495,185676,176471,180696,180628,226004,48287,220629,227904,107120,19354,167667,174585
190525,151182,157812,157507,67316,98686,107683,111619,204459,56339,104876,124842,132782,127383,214697,177140,178737,205635,106959,97944,208000,214739,195625,56399,203737,214804,210207,223885,186575,71985,220054,153355,219673,128369,209921,130763,148592,165825,183244,126797,187463,62555,182276,153296,157650,48246,27927,162463,151083,192686
198792,75241,170671,96734,202927,109185,206990,207160,198053,66671,146639,60647,157556,145240,17490,144223,109153,42198,87298,176127,218530,97249,229942,102464,79253,50182,224596,48808,207583,59116,147130,165679,201817,212966,154724,21410,101514,84425,198886,67203,128969,121292,200109,115696,218842,93367,55531,166461,85309,79293
168789,18382,204705,176279,192320,185311,226350,193949,73301,40555,212760,164222,165196,130371,132674,106694,211224,131390,75442,120455,200428,109195,211223,222387,156266,164503,227031,59220,198307,109982,117936,134871,212407,120339,110608,145041,125445,123723,102912,137403,107354,163371,82459,84748,185981,115287,98242,77652,203616,180339
205178,156983,80879,45786,135877,197091,196693,63462,199261,116183,197977,71049,206018,147691,114847,84358,15081,165329,124137,14857,156349,120308,154532,129914,155023,73763,193182,18702,142975,113535,123295,107885,96671,17689,132093,199991,206312,116580,89732,178922,198259,175605,208440,166250,53386,37601,170841,22793,196781,220899
193720,133599,93910,131206,144818,165160,154471,181467,16395,77784,199703,139821,160634,126628,213898,188437,227872,193737,118649,155581,163874,52870,202236,128536,185113,176870,104235,158917,197841,151334,61446,95992,102420,102745,108245,66565,51787,48270,219548,205368,113942,173159,147798,135107,87076,127816,191105,201207,210904,208065
219998,201643,158835,63445,220273,120734,115341,116467,65143,42048,105576,105622,192114,164807,172468,193216,49706,98421,214717,85235,184444,90729,204425,140039,62576,114511,135506,130686,148488,213268,201662,207378,53061,147858,215025,146381,210953,67427,187448,40328,165492,158925,114281,92229,147871,213319,52502,98742,168483,156992
210970,34773,85235,96253,155416,96104,217746,158767,172706,152032,169409,149358,15701,37475,69680,57473,87406,93708,161654,164890,32969,120051,148841,141127,145749,222389,220342,222321,116005,65003,196305,158088,205989,88132,184012,120591,227761,179010,55562,62851,111730,23716,145593,191517,178044,152630,124780,93407,158754,123169
158470,196455,216933,109194,163460,114409,156794,137101,145733,171180,223903,210710,207962,55618,182757,69692,190971,119553,40808,222932,213260,48843,208701,104864,115362,164118,226511,32566,228789,216728,113345,29778,158587,186130,184094,109661,91403,127011,185385,40829,193681,168241,173050,139423,64256,62525,222139,137360,105455,102960
199002,40449,140051,67792,175065,168952,163416,143779,132868,30152,154493,91360,144106,125565,169215,94411,165941,186103,170448,175802,134382,189579,203219,200810,115280,196000,186417,123130,103235,45890,136009,92895,213339,37814,123453,124330,162741,131289,196826,178252,44692,26241,195089,184227,20658,85839,23880,33658,194888,196705
