101234,10107,42671,88414,68943,94947,43262,93063,82589,59204,4015,3895,103736,53743,19128,35530,58734,3118,82429,59737,34114,97817,66757,102014,15034,53808,27797,12714,44975,389,22610,30539,26531,11462,46900,10749,31510,47441,10546,7637,22987,17513,5349,36446,7147,10476,39105,30537,13524,1592
41412,19617,37500,45910,82969,21182,25628,16767,35193,2575,42837,2859,45583,73941,87967,2633,11284,23070,91177,78844,29325,3478,43899,16584,81233,80305,11024,29871,16606,24568,86155,61438,90879,73565,23041,32693,33829,29234,37296,14218,61996,8041,56028,6039,70952,28918,83505,34997,48186,87854
83379,9485,42049,83306,35439,35889,75214,63979,87243,44080,54320,75936,83297,30987,83727,14229,70991,78573,62744,26328,61405,50106,52686,56420,52698,14076,35260,8225,90622,87659,40246,17386,65925,82578,96890,92329,39668,37311,73156,54127,53955,79780,30170,80490,89268,62741,61331,50027,71146,65295
91016,85051,50076,12704,17594,51519,72515,86891,71946,44551,74650,67192,85361,14681,81645,87365,39187,12532,91358,46499,77435,43312,90419,71398,63372,62,58425,42210,56576,82486,73051,27582,84073,88866,91218,45354,75907,42186,80769,83390,45101,1619,7746,15454,88464,58635,84848,84347,35908,62833
60143,55917,54118,43981,70885,52409,59474,50,87462,2411,70926,44817,94075,86646,18772,42655,99927,273,76168,67099,93272,77190,37485,66200,41415,16910,93364,96040,76044,56130,85264,43404,61806,73840,86039,4255,83712,36097,8504,59363,68306,19976,38055,90407,51771,28881,35796,72170,85822,89406
45194,67478,81759,85387,86772,41757,46253,35839,93995,73896,90371,19960,59024,43811,88254,19129,44663,40393,58290,5407,54013,75160,39894,70351,84551,41309,73220,79826,62174,58172,56372,68198,32040,50498,80315,26905,74910,5973,43503,37539,51826,36166,16427,64459,67858,76254,75332,64145,94571,15335
80901,47310,95487,92906,17405,10486,73972,29327,83074,15960,47843,178,100244,37467,40134,488,38375,68041,98467,99199,101228,14494,78071,59065,82546,91391,75134,45890,75605,1631,75369,85905,6958,10508,12589,428,22848,35501,63127,67292,80961,64681,3601,24675,96931,92981,95645,40889,78144,73075
43924,68279,69223,77894,20438,4686,97243,82329,16682,23763,50024,22565,52978,71543,79317,66950,81717,16844,71930,16345,82915,84822,52129,44472,82686,19146,54617,1888,47496,91040,64466,76847,66292,18184,104514,65621,74029,50288,78592,64855,93840,98731,99610,54647,68115,31194,16890,97926,87454,41738
30430,31464,42690,32598,73134,34846,54181,37319,88016,81482,29674,46201,11129,15651,12050,53057,47036,98887,96672,28771,66227,48678,83532,102884,33491,35668,55115,70501,64998,32735,96572,26991,71907,8863,87327,70647,97619,349,41011,62441,79894,90276,92886,95715,16141,40749,96764,91864,44014,61966
86698,66060,89748,30936,64769,19919,64963,87701,79217,89548,81393,2430,83365,89109,42620,7155,37486,89684,65170,70003,45224,8270,65694,19788,74160,75032,97352,76429,71712,75443,68417,38775,14274,12055,82907,72685,87465,48958,64196,37076,66033,50330,84548,77857,63794,26561,89880,17422,53749,69918
93908,101357,22487,17589,96660,87267,79903,50550,76889,83811,98034,41276,72594,75593,75665,36934,44320,63483,78780,80476,96907,62021,28854,65773,79698,78435,56116,55489,23301,20302,74137,27837,61482,72423,53192,51272,45700,93131,63958,78705,36292,25876,94462,92864,87333,30776,64261,25206,103684,34044
60771,19104,98821,50207,74890,71562,90944,38231,66856,18996,20405,27595,102081,4135,37905,53383,17463,11882,65739,46192,23116,23258,57357,29577,22875,12508,95955,59505,10399,17500,50268,21604,80922,22845,37285,24158,102551,65996,97530,85001,51604,9724,68536,36919,74663,71910,45052,38963,19430,28623
86763,56404,101324,5846,72499,19293,32994,34529,44932,78932,48625,16392,98585,44921,7920,10,2340,12173,3465,28533,82167,87053,85327,54796,82009,22910,29336,10333,63446,48485,40739,29115,35747,80450,82006,66063,93563,90637,80516,42588,94881,85530,81577,82416,97973,84330,32909,22499,24441,50957
86457,70148,33147,50276,89748,30453,68993,1303,87089,67017,48726,52463,69755,69545,38086,16480,38082,40292,53554,206,53217,16540,53180,63623,56988,71656,31222,51490,104969,56370,48887,28982,94358,70910,88439,90635,82268,97143,46353,21958,31042,39311,48787,47737,99124,32341,59730,80356,83683,88484
974,5494,64125,32902,97701,32362,51362,26991,97448,2303,73991,25299,61185,60063,83829,9429,19230,40828,28242,69879,86577,49473,44027,94177,23840,50194,58935,33804,29019,43282,89028,47608,65847,71573,65001,80142,47988,52712,21236,74423,89601,26880,11745,82056,36382,20959,96898,67869,100894,90376
76195,60642,23520,10327,26010,28533,21965,39472,97535,170,89907,86305,60772,25216,35820,14873,77889,72358,324,263,83592,37070,63987,18413,100386,17486,68749,56160,70784,29183,10850,31715,91671,2126,82453,24716,7556,69609,84539,20421,98327,18793,38815,6152,1174,103,102651,5169,79436,87332
85928,20392,57784,48214,33831,9124,87086,74477,17286,20122,77512,79166,102657,47968,92769,63739,42151,981,103302,79542,68758,73590,68791,24054,18706,13266,105890,105321,12795,62317,87473,29736,102193,30814,97089,97593,81887,1012,98857,16215,83420,93400,65039,68858,72733,38837,98633,13076,68070,35262
50175,56527,89776,19999,97389,98781,56321,14964,18567,24809,98458,30608,101123,48784,15399,83,84345,9834,78857,73126,37492,88698,83169,34775,43648,42548,53914,81158,71388,29094,44399,61996,34248,19802,35096,28468,84004,84824,37771,73470,13412,44674,74081,46790,34970,33432,79700,15536,65846,15651
94202,101626,20125,84786,99059,85778,92674,68786,84828,92868,89075,11934,85743,65057,63603,37305,98256,82100,87320,27586,96856,50734,72401,78390,95819,1048,94749,17588,93423,29255,52573,453,76338,77672,52641,98463,94999,83401,36988,6735,97010,102363,79215,72095,100406,84579,80586,34825,25478,16133
35915,86069,86274,15178,14003,16571,93476,89996,65949,9811,101698,78997,48114,44285,60885,32052,43820,53,86137,43786,93515,71064,76155,51601,73368,34670,93743,75730,97941,90590,99982,88387,6568,10169,71540,1042,11974,85449,69396,62523,79954,69632,32368,23088,34289,2663,83835,106948,25764,24253
68165,59384,31917,82026,77674,25449,27952,1847,70845,64690,62084,63008,90724,78034,91261,94117,80733,96197,94370,107426,87986,76758,95979,77615,1707,29877,38810,24961,91117,346,29490,233,91089,84553,27661,22833,94271,8138,24721,49234,49635,2896,6242,10797,84658,67356,104198,78606,92484,86842
35068,12803,71374,27386,84665,74679,100078,100545,32571,5866,50926,71682,38931,23846,25090,39338,204,46749,78751,66324,684,25,85335,91395,84524,6327,62600,59391,97759,40604,108174,79061,17471,77408,13862,6779,49972,52475,29125,2040,83214,47645,79046,8260,94554,53661,92322,41578,78967,86983
67368,40625,90144,27563,27452,97320,88930,26307,101010,97906,24982,15265,83403,4617,51642,10,33848,4304,84858,81009,79818,23593,94571,29710,84194,68956,73263,84530,67877,67925,89044,83840,89501,72621,91591,80381,77531,16368,72075,73291,60559,10,89315,88707,83504,57899,2435,932,84155,78900
62261,70109,98642,90021,94002,94258,58831,51779,70345,33407,51229,63262,89272,74904,57032,63495,96332,84775,98064,40670,37989,44219,95009,98273,39406,105938,83760,76597,76327,357,77308,89255,77740,9495,86805,42722,72564,20393,96201,9686,100216,76820,76893,15443,81111,39716,75729,79675,96709,13101
71765,91925,110016,75823,14255,55590,71194,92583,70226,47229,41621,15094,69299,83705,84343,8188,50195,78977,94982,17305,73923,24610,58916,29428,90608,95417,22897,4707,90611,84732,95136,102433,101179,45505,67445,66095,83797,76959,91827,85904,61198,68620,65313,65976,28039,17808,56414,64856,74550,73027
100636,93114,82316,55556,18099,51687,66150,6453,99725,322,81159,18883,76765,62001,71453,65173,96205,86310,67714,34298,94007,5134,69143,84348,101023,65160,91553,58961,76329,78853,68354,69115,88925,80846,79833,90429,68683,68607,87178,95914,8907,76734,21902,3577,2829,102342,98907,69772,59784,69398
90541,8059,61775,50742,70991,78785,66651,25172,76779,77344,59046,33069,36997,12213,94172,73557,97147,37,52966,30,94474,95273,20,2459,37197,34202,91266,32838,76952,10,72957,31149,49980,5565,93510,12863,88969,89097,694,10254,101315,87797,61702,50248,85855,92256,66232,26388,103010,43933
92454,39819,89162,70592,94524,69022,86404,57764,97553,34,78584,80439,78682,65469,90304,1212,105855,91191,87816,225,70275,45917,38624,75276,91612,77164,91590,86535,84706,73315,42418,25869,66890,39104,72657,67317,39868,65516,25126,67294,67047,72403,53887,8034,12034,56,61995,75847,54990,9536
33037,58840,61609,69174,63349,21228,95540,39937,95138,25486,81033,54504,72563,88286,67173,74808,57307,4637,51753,40,84305,72114,1143,22514,65936,71889,67744,81687,104352,23572,33065,69822,17988,8932,93065,97088,71510,88756,105082,89963,98969,91757,27118,35068,92400,80824,94291,79912,86417,36369
97626,93200,98717,66409,86927,36956,45338,64451,82682,9033,34036,37841,95492,98804,31769,7310,12189,60409,50381,70916,80027,78357,65340,79431,95498,86546,63700,57069,104751,79483,25246,83914,80864,64498,63834,53671,93328,67652,74007,195,70378,75659,103392,37726,57344,28749,93554,81090,79252,63596
95694,87646,78668,62769,17260,79323,57870,84699,43878,28113,82067,20873,22949,37271,83135,448,98252,24975,46798,82659,78838,72733,83942,55871,86355,43724,89423,4450,82149,74571,80446,23637,92254,77440,56666,92092,54777,88026,91376,32893,94665,64513,94034,23864,78866,87365,89292,28308,73953,79690
51698,83268,52441,51913,95225,21604,93530,68382,55289,31128,11670,92905,82263,47534,81907,64025,98995,95788,20295,48832,60603,81024,103391,9554,16971,26270,92308,41476,99172,109785,59409,72897,68347,69386,98881,62280,104955,79624,27380,25018,83146,95486,37277,42534,70070,66323,89633,62060,59109,1108
29649,701,48354,54431,36574,66120,78732,96530,16015,13513,46757,46450,79815,9098,85688,95113,92219,36095,36629,24973,109150,15151,38521,90635,36928,35094,52567,27297,91146,52595,75494,8137,64115,37695,61829,47275,25825,4423,78979,87988,88796,94920,77504,35442,99445,85956,78984,1671,16216,113
88366,73734,65073,59029,59466,12559,89219,90941,43442,44594,71286,34583,86228,46735,30062,52928,81655,17228,38740,48683,72197,61919,79146,101492,22418,27167,32383,42375,58038,42032,83445,56808,81161,65882,26941,31370,62334,27119,96192,96343,21742,65147,886,28003,82242,951,44472,59881,89774,112542
23211,58689,87302,93577,66891,60243,87569,72315,91706,102949,39311,26419,54528,33822,84741,34852,22157,10471,96783,24834,6586,20856,74548,84778,43865,76920,35029,38437,52987,15917,106637,52659,88772,100720,20183,10,102080,72782,83786,67230,101974,63721,80516,72277,11472,37759,64317,66381,76331,69465
25044,28648,92814,89306,88233,23830,82357,69372,77732,99454,81012,68798,101268,72634,27,5365,99821,97275,41699,30119,72800,78204,83369,92823,57900,40401,87633,38581,39951,21861,35336,91217,69502,48326,61195,69721,84469,39508,55368,57166,96602,101269,26052,91985,10189,22577,62177,62541,87983,9055
31873,37847,35222,26394,64561,43311,88656,62553,24782,60602,71930,70677,94617,21950,86609,55164,84444,100968,75962,31752,99322,66005,24489,66700,49092,16082,94305,87885,88519,83500,18285,22495,60743,98642,98556,80401,60393,35453,43660,31318,95063,93384,78589,81711,66584,73232,44548,34639,82132,10908
26286,26633,98827,56819,99361,77251,16665,22,102509,99113,101694,29249,84101,65845,55537,53562,26311,19418,101985,60515,83889,7125,86959,94525,63760,98770,80104,41573,67494,46770,63065,65686,95639,57056,29856,27036,82159,65037,14682,50,100760,4192,27849,22681,34748,77549,69748,33829,82972,59081
90238,34991,51714,22955,85449,70019,86596,1040,61372,81209,89643,45193,65289,38348,58873,22991,89972,25131,70163,40348,60296,64554,93745,103395,57814,28600,11840,21278,81099,37130,86268,90843,89073,36207,56496,42336,67189,65101,15493,50810,88150,54110,80849,23076,34196,15136,65398,62771,21454,66460
23458,44141,50924,38286,47771,28365,94429,48373,101449,96944,82339,96270,82022,51454,97032,69671,91051,66093,64274,55687,48955,50856,25545,27869,57446,94380,100997,9045,100815,70796,70572,51988,53142,94230,52842,87204,99971,15952,70951,91071,40402,27928,71333,14382,102251,91887,71428,68011,28578,20841
90780,40925,44505,91680,69165,83555,82967,4464,82156,22616,35176,81778,79696,45848,79907,97097,92046,22812,37619,87852,53940,29938,98880,610,35143,77186,94490,411,58751,95530,83078,91542,67581,25610,59744,65861,87658,84295,84033,759,36701,35298,2651,5780,52634,7043,20156,80311,102742,40633
87029,54956,962,609,21752,71180,21799,9503,24026,13579,95656,17204,81430,41463,31417,33484,92772,40602,94678,69710,92699,53947,49439,66805,79569,62800,14813,15358,8303,937,57770,69871,60553,94267,23638,51799,94084,17510,79934,77397,55829,29140,81530,19928,67029,43410,90570,88682,83575,60562
39991,1315,76782,55522,45346,906,54907,30016,60241,78389,94184,65182,106226,22797,102252,96384,2725,194,9253,12333,55507,38232,32137,37608,84120,48074,49788,13478,99997,22639,86829,80268,17217,21093,100363,100632,67446,105917,81672,2844,84506,16511,88187,92702,100316,86967,59613,63222,49845,56848
63469,59037,95015,36316,24472,100810,53370,97177,37526,61834,86739,50692,20484,12935,35616,94144,62622,30440,95961,95597,63483,99376,57186,33729,75471,72388,35121,51186,2297,34304,95053,2498,270,10635,91660,89175,58636,33006,74746,69112,101865,23185,92490,89580,52259,58183,43992,27184,95984,81685
86943,88574,100786,1637,99382,30358,44188,50447,60303,11639,70551,82085,10333,7349,54593,48080,57087,45727,79262,93582,207,3221,96780,56860,23170,17267,91342,467,12512,25806,86309,44261,99584,87201,22902,21615,57020,57927,38175,51572,102109,91069,97986,79783,42045,71569,81266,30254,72266,75835
98433,12003,93209,22719,84741,91215,17583,23827,86566,21976,98834,17952,67064,58947,83937,94674,19163,4379,75086,55911,87070,47969,73638,68819,88529,2178,52593,414,33160,514,87112,34460,71237,88350,47815,235,71329,33756,100849,103731,101327,13982,63143,57473,77261,74244,72810,38974,83823,3619
78863,71897,17027,3928,86113,44203,83629,30389,98129,1570,43077,27976,25974,20994,92946,43709,91536,12783,64051,90314,96991,73694,83126,53347,106411,14223,55387,100728,73595,60271,91714,92263,99932,62185,64298,61333,40863,85885,45464,24964,10143,28955,58319,48548,92480,19057,45087,71742,102352,101216
30037,27389,97827,17375,2393,106,102333,69044,87849,52399,57580,18498,91433,3324,58562,26816,95096,12158,83343,74914,21002,18747,95078,11009,90295,61776,102588,102533,62458,77283,76828,66895,93334,64080,87441,2372,103358,92342,30919,33624,54001,87723,68671,102576,24470,75339,77861,78650,43628,71602
76671,58181,57432,87710,61163,50363,30779,37823,102551,77128,89468,68996,97537,102198,90375,79202,90934,34652,77373,83973,69541,61422,57457,31686,15637,60951,96692,54539,68544,83475,66137,44149,37457,53757,28476,32670,32330,40193,68716,58799,42213,97281,90968,66761,55712,17767,38632,44815,21050,279
61426,68435,52168,15864,41537,10508,81631,73878,105171,105475,15642,13147,17845,85849,21397,94211,98885,32384,80443,86555,102498,89311,90599,59740,56986,89095,92197,88786,90125,84430,90892,94783,92178,43154,71170,14156,104937,85723,98986,70929,56201,56499,78508,27868,29107,104250,91215,95230,54029,5982
78437,94390,49544,6126,100378,29965,96884,76604,97398,38467,94882,48396,99379,17064,30539,22138,83423,86009,90647,93148,34675,93245,48996,62630,90651,81837,61541,27701,78391,89389,93057,18581,94864,21790,66152,73614,70943,62125,82279,91394,75548,55505,75677,71818,51375,62,37763,22842,92174,202
