41693,92977,23560,62938,92823,44396,86246,81444,87031,45490,53944,72973,9717,62709,23665,86108,37765,61253,84857,85002,30679,73977,41825,91096,20620,70490,68122,94592,72055,85140,82334,62156,82300,88757,57316,86187,18610,35542,15223,40601,82512,27362,44895,75859,88077,8153,91210,79676,58769,69146,19689,8283,2338,9452,25770,12454,20817,9883,12549,10380,10706,1488,18701,6470,8938,3744,6963,15378,34469,26336,26731,30397,24980,25372,23925,4532,19376,24352,26156,2306,31973,7442,16965,21846,6141,6635,24183,23819,4360,26506,5518,21229,24502,16972,18046,35371,10363,27788,3565,16272
89925,86516,60168,31122,41139,29266,10576,18681,86545,21640,30439,88213,67239,67210,19817,42036,65704,84090,88307,79071,16366,21935,81236,22293,37215,7919,86705,43912,50909,17138,54532,61529,72758,35050,36207,38316,59106,38382,66632,60575,11742,25862,86917,26426,55546,33057,61163,32152,42426,37855,12838,22971,68083,79242,11900,14871,27014,15107,72525,42146,88767,87265,63987,59147,18105,67095,36675,50385,9578,38709,41481,23951,9896,4254,73724,48136,59524,34967,3254,14857,33639,37355,26571,19815,82311,17533,52772,66451,89333,27814,78153,30885,81415,64105,54841,36823,93465,25173,75906,62155
53312,71472,86799,74264,75906,51897,40671,34548,85230,19372,33075,10490,66968,80314,28943,31395,87976,56571,65082,69618,62525,71478,51181,85206,66172,7069,87129,67849,73157,39938,77719,46858,84589,86433,77491,60032,70689,49052,55496,43370,88372,77844,52374,41400,54113,68560,59368,20438,65634,38124,49298,32685,87564,86324,70351,79174,57999,65519,83800,86086,39895,91215,77857,78584,84305,92826,44116,79068,84833,84991,60564,42143,76243,70927,51508,80824,87810,85741,53858,39179,63719,9421,49010,85374,68653,71108,24446,64108,45825,77034,84638,22545,90022,65139,86110,55659,79494,42257,25418,34932
85570,76086,73105,75808,81657,59729,84161,8593,55790,28049,85204,18031,78228,14183,54572,36691,74732,86676,11844,70226,60288,54793,87407,39112,90741,86029,85214,42811,84842,88604,79932,84730,50015,75140,88285,39418,84673,77127,38150,67900,42426,67046,56105,58471,93267,61516,31619,84277,81889,61617,23252,64276,43982,26863,48715,31133,26394,45044,88757,91551,86740,25790,88939,78308,79967,55698,73737,72074,25045,22635,83004,36796,61906,43264,43899,32690,54563,64403,48258,59585,82310,70887,43445,72336,85085,58965,44803,66393,96938,55364,78164,31751,65046,56961,24857,37737,79734,61653,51692,21033
92511,60364,75526,42539,53102,35562,43376,33829,92666,14594,38836,64652,60090,86035,80176,62694,9110,32549,76047,51775,75455,81906,24021,45989,89396,84306,26343,49569,37124,31552,55652,90743,84712,93930,79160,16629,80406,27858,35230,38239,88476,16942,86330,88243,78395,69498,64163,80621,84949,41032,65846,56904,50264,69076,44352,38162,28177,63406,88003,63345,79292,48953,82334,85317,32264,28373,82056,91264,65926,80079,81028,89294,83489,17406,33748,67736,76889,59216,58164,80597,85596,56385,85717,60236,67928,69795,79677,45304,63159,22546,87033,94707,76972,37838,67297,78137,85950,33372,32180,47631
26897,8355,91195,38093,34769,84121,90059,94199,30798,40831,65810,39510,59072,36099,21864,13833,67570,75096,64858,58784,80696,75018,61560,87475,69001,49808,93329,60389,57682,56152,84035,81972,57177,37162,86183,29557,86309,80152,65059,58573,23318,47376,76023,77579,42046,78467,89924,44679,80557,65609,45129,83444,83662,6825,7682,53544,53815,67518,64230,73965,32247,59170,81938,61281,87604,55811,4706,50643,84424,81966,91934,76630,61853,58432,87048,86556,63587,60882,22487,64089,8537,57621,79453,54306,33934,32109,61688,59932,87948,44383,88115,29461,76888,56037,9789,44161,83046,85923,79847,10195
82024,16607,70692,69449,61254,95392,55728,55302,29640,29592,32824,12420,27911,26196,69183,43466,31390,26971,47343,91831,51552,20100,74023,43674,77928,74210,26330,27859,52182,92297,73843,39629,94486,56839,87658,64542,87521,86938,59205,76880,84957,75999,78009,64974,64361,86956,53725,41007,83998,61266,34025,77475,58215,54938,91969,94883,84937,85412,89444,59775,75050,61098,34300,42977,27758,25732,72382,76874,85962,57974,68420,56696,45508,83053,15858,36703,63740,60940,76979,47622,66241,42875,45428,84334,31287,40733,84262,41108,33277,60202,59143,15811,11060,55874,27493,45033,75071,42004,37847,44995
53961,35633,50215,51752,84215,75739,63746,59066,64042,48127,82657,74520,84400,85394,67597,66061,35298,84337,87858,67812,38020,80248,70016,42702,78927,28958,82798,43641,87227,60281,82145,48630,88370,83138,71577,80300,92696,94840,15267,55575,84804,89852,66606,65937,83181,51895,60883,48883,74101,26950,48597,83053,71588,17367,81902,29604,85729,59096,63676,13105,70382,61436,63164,27029,64129,41841,80688,71514,51453,37398,77848,68518,90782,55901,90599,35678,81868,77754,63728,38287,64244,28344,24861,37861,79678,56177,68562,64200,78152,78992,95144,56110,89182,86048,88856,78289,21239,64259,96696,64882
91832,80870,86954,84055,37019,43831,83740,59445,50013,44059,83761,55475,82656,85156,86109,86762,83875,49539,20357,14997,88590,85717,67309,11884,57028,34211,82173,21965,67110,80837,60097,67491,79479,46699,28383,27473,72295,87960,94103,64341,81360,39317,64097,53380,50847,60503,39258,42298,95144,94337,91902,76374,67942,52540,70331,91926,88257,90337,78200,58413,43407,69228,72472,76670,70557,49230,82116,95494,84733,66812,57278,59335,28242,12678,74872,31270,83979,29222,59495,74563,42882,45373,76693,41570,24772,82248,83840,65162,81813,10172,56271,40908,41818,19539,23251,60664,89696,80226,84721,65521
83407,82759,53992,74659,87151,88892,81824,11497,57997,63663,51521,69554,78622,46082,40003,92190,73707,55352,87925,58209,85333,67178,59593,42811,38587,50780,36226,60604,55309,70560,73154,75241,58397,37267,87040,28182,72890,17328,61636,71369,64521,73377,73520,42776,70092,59932,57594,72230,59772,86584,93145,18437,31807,36831,58124,80868,91275,88625,81094,59360,89683,72526,80899,78578,60614,79480,60193,60869,94934,89714,47597,61333,21561,16612,94641,76715,81695,87547,53507,57275,85720,84328,74942,94614,78140,57378,85398,41256,11535,6677,67697,72749,56308,39603,76085,51297,74745,63747,60242,27920
85402,75581,86353,37875,39344,8277,33620,25294,93616,12014,57587,85136,84649,73393,47537,37754,84332,41278,16681,38689,91278,7277,61980,34095,97289,88805,46268,81785,41131,55208,27131,69824,41940,90225,71149,79513,23045,83983,67432,56916,61373,41293,39790,44830,50667,50757,82128,20118,77070,61105,69268,45285,65340,36702,17519,25827,54085,8895,85568,82188,60283,77666,53620,75052,81559,59880,59283,40693,77271,12249,18297,50129,73062,48471,73352,55778,64392,32341,93097,62850,83219,51272,27870,22190,71326,70927,64239,81971,66312,72715,10367,71368,30479,48770,50743,38033,33833,54890,93425,35047
