43225,96975,85129,96693,69072,13130,79636,77299,29444,58521
49478,10975,65681,89526,76059,23378,56636,68165,74284,78660
85223,89493,70376,89106,79438,87710,82981,93708,74573,71000
74247,56249,21168,84188,84227,21004,81600,83872,97467,83704
52063,69363,94838,36292,92835,99650,69492,80805,98172,96380
92151,70767,61510,81312,20788,70673,38935,74919,66981,60359
3167,17239,55342,34891,72165,75423,29876,16236,35840,19088
99150,33120,90184,88202,54991,45340,76544,69238,86437,63526
102519,41549,64325,5616,72992,33907,39086,8921,32470,35662
37804,74690,9950,85427,15312,7637,82519,23397,91584,12163
34510,55687,38270,23459,57540,33499,80377,41159,32972,60816
84610,103051,10218,55475,81407,58575,9506,7075,91699,84840
10438,31996,94079,80946,39309,19320,36366,16249,82143,45465
86621,90540,50201,24216,74184,66402,84815,33024,28543,30215
20621,16452,79711,41905,22589,24134,80714,63811,35026,79721
81168,36496,12126,49330,33643,33162,27139,5313,89118,92593
80256,19206,78376,59459,73076,73727,56190,69636,9872,52581
24220,19034,104131,69505,87473,90454,36966,17599,94978,42701
77100,19426,90624,29073,15945,44934,77447,14919,103270,94835
23630,49940,38914,31242,87130,54862,71088,22817,33903,9360
29424,8184,40849,42763,21369,36926,93676,92484,64075,16824
33048,30948,91611,18763,92161,19411,10898,94510,69339,95752
95206,28473,92184,24129,74169,31967,98716,98181,74404,12455
31976,66940,62115,91948,81754,63488,81322,22973,91492,19299
80532,92224,67894,72269,24075,31009,83913,18932,57461,56775
78048,75568,79953,89995,90060,20601,92562,43907,31646,39822
14041,19484,88497,76871,31786,40828,32716,35360,78972,14594
74614,88846,41884,28244,69779,20010,90185,103356,91543,90978
62927,48748,100331,45619,28661,32435,79973,16911,21149,78113
89236,18147,14263,22297,23496,32451,100215,92863,75556,75455
86951,72993,100816,59117,90170,80493,99508,23474,56192,57690
9509,10825,78452,89612,21962,55307,23493,21248,93441,78152
75769,23593,23073,76398,52994,31161,82889,93562,94736,93357
98627,103884,85409,89572,54893,81214,29879,36910,83203,89189
71149,70496,73688,65960,20985,35558,87801,19512,87976,74188
25970,31837,22777,12122,30140,16346,42737,23611,62282,75634
71134,21471,88449,10907,29530,68669,87500,102791,98065,97836
78443,74734,40889,62899,77059,21399,88791,27283,86698,74154
95077,89517,36643,22842,68975,73871,95887,65813,74922,64032
71083,64445,77364,80456,84103,68545,95985,31489,70065,30893
3790,33130,81714,19092,100836,35494,80013,81474,53469,21369
43043,38568,52731,65385,49478,38295,101767,80527,92418,47056
19568,49731,100584,16028,39297,98061,25154,84332,84257,89725
40011,62808,90456,59540,101361,88128,57542,44404,59284,61356
49923,35437,22254,22671,90541,53225,43734,15724,90796,57740
78999,52794,102816,44054,95336,103392,65028,19110,62892,79388
98042,100397,51010,41905,103957,36242,103813,47749,58490,61092
88933,22952,51408,24530,69683,89136,82328,103709,98140,50051
63294,66437,62359,10496,86227,52481,53072,99500,69227,23383
100989,67147,49826,54843,94926,19100,103013,87703,66566,54066
68060,16066,73053,19127,79962,69484,81943,26753,97557,102649
73679,23852,20791,23463,76820,74430,24215,10384,54886,103066
44370,68796,21229,15358,86977,36905,90716,22876,100556,55358
82522,77736,20068,14658,39411,32051,63192,81350,96583,95827
64356,44367,76635,37595,34523,43004,91143,85283,96698,87179
76612,50355,94986,89534,69087,24162,68507,69361,37299,86999
101778,50187,42776,74414,90618,91207,97210,81281,84106,54288
32290,86015,79519,36550,76136,18293,34196,45513,86692,11192
37406,14633,94761,50246,92838,84628,33732,32629,86655,39882
24529,57246,78648,23445,78969,93542,97966,14464,53613,94737
93951,93838,34734,32478,57518,52570,44008,26492,93564,97545
91558,54569,95803,81123,49461,37100,89101,39204,52886,78285
92831,95644,95774,96797,52117,69334,92041,51427,93857,53809
93864,20416,63354,68789,44335,76290,83554,90945,87202,77945
12273,33257,74717,54429,62746,23660,54976,61476,51579,96672
99511,94357,80582,53116,94618,92899,101802,31959,44619,86007
90843,32089,95421,106382,19021,43605,40128,77210,29903,39391
31013,29836,56555,54979,40158,36650,39698,92181,102123,25626
53129,31235,96269,33558,30474,48810,96553,85294,10554,21546
40447,23457,78452,50153,54021,49393,50900,78781,93407,88774
92518,36357,43693,50115,52191,44129,37430,102394,39849,30038
89854,29981,103121,78175,102123,103148,9803,36734,50002,33468
32761,85200,101572,97065,77234,49655,87577,33058,82404,90619
100732,76925,57157,23467,91979,54590,79456,32243,16995,29323
99175,96661,95990,77468,81365,53698,84863,32538,73638,31981
22897,69732,34787,32865,86346,34429,36176,36404,31833,31832
58170,10190,81139,26918,54917,71473,20784,15692,77940,11855
83754,24148,77527,78434,58561,36441,89435,24802,44615,59117
84179,24102,103790,36696,69883,32388,13077,32488,50439,31249
57468,23523,90901,29923,23743,29476,57679,38752,43560,38339
85602,78219,103888,71815,83520,64256,67986,36787,35644,67216
70685,64181,57683,83491,92668,82375,105073,39832,71624,21242
39823,96282,86406,86403,74077,36646,36893,55088,24153,12521
70139,70204,27752,100046,23545,25007,61024,14630,108331,72659
29395,38304,96543,42694,36618,35572,77751,61132,91827,105306
22671,30205,52781,32351,57384,55377,95371,41312,77738,22677
56859,52532,91829,76542,33316,23599,58883,32990,56859,33058
83139,32896,72751,27548,19571,14862,23839,32493,76186,85340
83513,38344,61932,50449,91919,39208,83429,76456,50349,32243
24804,90052,79680,85627,36924,102252,81620,78609,99844,58028
85243,20990,31265,31115,13198,23499,105544,87168,26968,33109
42749,15737,83106,36718,59855,57296,43811,31868,87813,30096
37376,47465,98396,22633,40136,36917,91149,42869,9828,16140
81789,76047,92090,23909,65501,36951,83481,56058,10329,23663
69858,51303,31136,23527,51982,101205,31694,55321,100128,89480
57361,87386,71352,18497,52682,31825,101776,65709,82156,49912
52115,55001,50054,32552,71386,32434,96202,91836,52502,92155
54680,16964,91883,65119,30130,33056,91177,87834,63100,28264
101933,24801,71037,91139,57746,33054,53142,42940,84547,28243
82474,22149,72206,60814,97071,104939,81266,23541,58291,82743
92189,29379,103214,70315,32004,17346,33058,90851,92075,59695
