158294,168791,177994,175606,165998,439,184335,192543,199022,203859
197219,173413,183918,189928,201462,165524,192107,202333,147445,180132
165951,22061,202862,205272,156409,184239,200999,202908,148168,195864
183867,77518,120277,139222,191100,75314,199210,177183,141120,201694
198972,198879,173239,184928,202274,180636,188569,191986,188473,189640
195916,191178,112202,179520,202131,180125,204228,178106,184437,189088
163742,193836,187557,195139,201581,111402,197682,199466,199331,190723
186125,170164,143926,81858,180893,190568,196986,203818,180859,132680
197995,132763,203242,202090,194761,195632,198598,192636,188867,189210
208520,153130,199263,91872,202467,187148,196672,194622,17098,135310
200706,105627,199686,116964,197955,166625,202239,199813,195343,124823
192705,193419,199061,84091,76355,11701,199672,202034,202306,177777
167287,20623,152087,116159,66,146196,198198,741,201709,194792
194640,197294,143474,201518,194053,182707,197628,185520,23966,22061
198245,199912,195043,168527,203243,65017,125760,197823,61540,172300
203721,204214,196281,189503,185237,196925,193222,74056,196530,199057
187972,183393,197373,201605,194188,201122,196145,167198,200814,81919
194120,184013,197624,193571,201000,145713,204200,124414,200779,184227
203813,188786,196524,195292,192701,193863,54717,82900,199078,191851
197359,196551,203454,22381,195964,188021,200203,146499,187145,177779
201983,128906,194657,198316,198100,197294,199806,174666,120755,172823
201800,73845,186040,193769,197885,176086,189209,134134,191355,196470
201692,197295,199610,196747,195338,188235,77105,138985,52963,180772
196108,191001,172187,191088,165943,106914,196347,178792,194825,190058
197620,193649,196160,169118,202104,170599,200285,104732,177276,198738
178908,185603,53157,139995,92764,87914,181229,190284,196386,193349
190714,203384,160874,198782,195946,181001,196574,184431,196796,196676
180914,198037,177254,107276,193347,178902,195927,196344,198907,184871
196252,162097,173694,162266,187045,1115,197524,175748,114632,106855
200975,142796,196756,200514,184460,157739,196364,194384,201556,146496
64764,195254,194462,197282,185225,96307,190967,191710,199581,190481
196630,170264,176299,163790,170419,201711,178355,41782,70662,138519
195648,195282,139271,141374,199339,193850,198055,104499,171555,168512
199512,149472,189248,203145,133029,185896,138898,171100,185849,12827
97342,137571,192100,193443,184069,104693,157123,12529,195654,179829
196477,82285,193999,167531,177677,192573,148921,22741,201117,158813
200397,172417,170774,174997,192243,165650,157632,177402,166083,156870
163529,191256,162830,192009,196151,200988,157144,121408,195081,165580
186038,201474,200944,199321,199072,200472,188503,198847,194948,203651
197824,157216,179956,163659,149765,179166,193036,158113,109839,197537
183715,178720,195211,64020,200208,192676,200804,192162,196578,198345
192591,201331,196994,191231,196539,177915,200476,196475,198284,200349
201603,141168,172432,199295,200820,179452,198083,199309,167964,85112
180320,101655,203725,61044,165703,192885,197012,194960,202215,191171
157219,179004,186998,183835,191474,192487,138061,148571,178921,191000
202736,164853,112,178474,193009,122007,143524,82509,115953,182165
195420,197078,191781,178956,161024,204265,191863,190928,180363,197333
199358,194023,195134,102695,201566,133722,161820,146283,181159,106369
200867,192474,37062,181483,203397,137326,157429,197647,146554,110634
184939,184813,172724,167763,185163,188067,142081,130463,197101,176144
178663,136830,161049,188596,145778,149285,190443,169450,195877,163694
71748,168753,140729,200374,185100,199313,197934,199309,155952,110766
196671,199203,201162,40792,157130,152711,201604,189780,197204,199290
202847,109949,173852,191474,200845,41263,187793,196495,144218,159134
170132,178327,48097,136365,192838,173851,129292,81904,185755,141411
194497,194841,182012,152628,189134,197292,40968,28758,188225,163628
88395,191959,8007,77278,198501,199633,198961,178988,135701,125779
182405,186968,199642,176279,200776,193286,200964,191450,201786,150400
194496,129032,200931,1115,198751,190030,192023,125844,129216,194966
189946,195985,194631,170947,200160,194361,191952,130382,196573,199064
191740,145834,198000,204900,201348,120854,195417,145428,195297,144662
175946,201639,192501,190430,178914,171050,192518,189857,200993,144789
204117,51452,149548,101694,203581,200903,147261,96887,135205,174235
152760,190647,195474,199851,194651,162658,200666,198370,179516,197352
199278,185674,197422,154319,193488,188862,194194,45706,191044,183094
196332,194883,70797,143154,200101,179665,193292,183034,201770,190870
199317,199102,162147,159404,203355,155522,190364,179471,144117,142742
200464,143029,179927,135794,193184,193444,106363,197956,103648,198762
199656,191673,199475,197344,198602,156683,153409,49385,149805,183549
199455,199180,197538,204349,123206,120573,30369,111164,187097,165356
174380,158807,205371,199311,193452,144543,196377,204260,195059,197622
192263,161880,146915,143473,107128,179239,142639,189000,202679,146623
199564,201300,203690,83556,167711,178202,199597,146316,176707,183492
198059,190642,201502,190359,199564,188170,201205,201647,197102,192557
153568,175586,10400,123816,195288,197179,200962,198223,182919,196487
202729,147458,180244,198421,119669,181453,194701,180244,167450,44142
193250,186155,201036,192072,201040,191263,204757,195103,142200,193741
164879,177941,126812,133679,168165,203282,192697,193972,153568,194357
202182,190798,141978,174336,111138,200934,174427,125470,158276,130038
195857,201922,186108,145557,137492,126749,191385,199349,150026,171264
100108,191036,201688,123812,126361,156793,181249,153268,197447,96206
189991,141732,94130,156282,201149,190113,197570,185596,197444,192406
199310,201631,202106,195463,154198,99504,195121,188087,179882,200867
194301,183042,199935,198922,201613,198164,199301,201864,204434,197985
100308,804,204169,193483,153738,203761,194360,188025,161833,196940
161405,100486,102084,121667,199602,205094,168644,197865,194617,202666
200931,76851,202262,194698,92039,198181,145505,171743,89669,167771
205374,110840,202619,195314,202229,201463,196818,115967,199863,161061
195363,173306,197974,91897,206274,136404,119800,175605,140063,202747
173157,195747,71312,158675,38762,163229,177587,158047,164857,179657
180764,189910,195354,184663,196746,162962,155488,108524,193699,201707
199426,192879,177135,178796,200912,126135,172291,178303,198097,41768
201493,185065,180615,184294,132644,201720,187116,188164,201542,205499
165906,184191,182526,19775,199932,187940,203209,40131,102137,187080
179625,144296,180470,179077,202795,143387,197945,199049,148583,179183
199438,175329,27325,113639,161430,136352,174465,174264,200930,198085
201811,188954,193290,158369,190985,193156,158700,156451,144022,152757
197403,197989,199468,201645,197241,198155,199331,178757,175704,194076
199121,77122,153687,148320,191745,199512,188960,150611,140879,202042
193108,79074,203675,117672,192676,196827,195990,154096,191953,103946
200025,123710,201459,196787,169768,170279,204438,204146,199114,153670
